entorno,modelo,auc,se,ic_inf,ic_sup
sklearn,LogisticRegression,0.7170890138112983,0.0011971964701019031,0.7147425518474801,0.7194354757751165
sklearn,DecisionTree,0.704147066269571,0.0012188735696590576,0.7017581179713315,0.7065360145678106
sklearn,RandomForest,0.7196766691691324,0.0011927107491283956,0.7173389990568669,0.7220143392813979
sklearn,GradientBoosting,0.7234892715555753,0.0011874234932892076,0.7211619642743317,0.7258165788368189
sklearn,LinearSVC,0.5390756386360464,0.0013935434331543322,0.5363443436961716,0.5418069335759211
sklearn,NaiveBayes,0.6525077547655239,0.0013071604671815104,0.6499457673278336,0.6550697422032142
spark,LogisticRegression,0.717097180887232,0.0011972570351651971,0.714750600218071,0.7194437615563929
spark,DecisionTree,0.7014102306776425,0.0012236164125095216,0.6990119865782317,0.7038084747770533
spark,RandomForest,0.7181487466849846,0.0011957725179085853,0.715805075616181,0.7204924177537883
spark,GradientBoosting,0.7228323161323298,0.0011871010065344204,0.7205056409135111,0.7251589913511485
spark,LinearSVC,0.6435673192568391,0.0013941713977085285,0.6408347935290545,0.6462998449846237
spark,NaiveBayes,0.6525077482256675,0.0013071604500733051,0.6499457608215087,0.6550697356298263
