modelo_1,modelo_2,auc1,auc1_inf,auc1_sup,auc2,auc2_inf,auc2_sup,delta,delta_inf,delta_sup,z,p,correlacion,p_holm,significativa,"relevante (|Δ| ≥ 0,005)",magnitud (curso),entorno
LogisticRegression (sklearn),DecisionTree (sklearn),0.7170890138112983,0.71474255184748,0.7194354757751166,0.704147066269571,0.7017581179713315,0.7065360145678106,0.012941947541727283,0.011677493602210171,0.014206401481244395,20.060636673945748,1.6298383901868363e-89,0.8575491094309686,6.519353560747345e-89,True,True,pequeña,sklearn
LogisticRegression (sklearn),RandomForest (sklearn),0.7170890138112983,0.71474255184748,0.7194354757751166,0.7196766691691324,0.7173389990568669,0.7220143392813979,-0.0025876553578341177,-0.003416762665976411,-0.0017585480496918244,-6.117074660843005,9.530872017917785e-10,0.937346417188492,9.530872017917785e-10,True,False,trivial,sklearn
LogisticRegression (sklearn),GradientBoosting (sklearn),0.7170890138112983,0.71474255184748,0.7194354757751166,0.7234892715555753,0.7211619642743318,0.7258165788368188,-0.006400257744276994,-0.007167759247012658,-0.0056327562415413295,-16.344299816800312,4.7762597812212493e-60,0.9460997677161227,1.4328779343663748e-59,True,True,trivial,sklearn
LogisticRegression (sklearn),LinearSVC (sklearn),0.7170890138112983,0.71474255184748,0.7194354757751166,0.5390756386360464,0.5363443436961716,0.5418069335759211,0.17801337517525195,0.1747344407296534,0.1812923096208505,106.40645914048541,0.0,0.1727637906600045,0.0,True,True,importante,sklearn
LogisticRegression (sklearn),NaiveBayes (sklearn),0.7170890138112983,0.71474255184748,0.7194354757751166,0.6525077547655239,0.6499457673278336,0.6550697422032142,0.06458125904577439,0.06250173519182298,0.0666607828997258,60.86823268002156,0.0,0.6441909053606172,0.0,True,True,importante,sklearn
DecisionTree (sklearn),RandomForest (sklearn),0.704147066269571,0.7017581179713315,0.7065360145678106,0.7196766691691324,0.7173389990568669,0.7220143392813979,-0.015529602899561401,-0.016559648408600806,-0.014499557390521996,-29.54962873993247,6.639615202344688e-192,0.905242147303815,3.319807601172344e-191,True,True,pequeña,sklearn
DecisionTree (sklearn),GradientBoosting (sklearn),0.704147066269571,0.7017581179713315,0.7065360145678106,0.7234892715555753,0.7211619642743318,0.7258165788368188,-0.019342205286004277,-0.020356535044129407,-0.018327875527879147,-37.37445878766384,1.0160016818426765e-305,0.9078148358273227,6.096010091056059e-305,True,True,pequeña,sklearn
DecisionTree (sklearn),LinearSVC (sklearn),0.704147066269571,0.7017581179713315,0.7065360145678106,0.5390756386360464,0.5363443436961716,0.5418069335759211,0.16507142763352467,0.16182700665586278,0.16831584861118656,99.72012117597477,0.0,0.20236091547384372,0.0,True,True,importante,sklearn
DecisionTree (sklearn),NaiveBayes (sklearn),0.704147066269571,0.7017581179713315,0.7065360145678106,0.6525077547655239,0.6499457673278336,0.6550697422032142,0.0516393115040471,0.04914105121026614,0.05413757179782806,40.51266835018243,0.0,0.49257355748416665,0.0,True,True,importante,sklearn
RandomForest (sklearn),GradientBoosting (sklearn),0.7196766691691324,0.7173389990568669,0.7220143392813979,0.7234892715555753,0.7211619642743318,0.7258165788368188,-0.003812602386442876,-0.004400129285154746,-0.0032250754877310057,-12.718674466110066,4.656930701080644e-37,0.9682858240961612,9.313861402161288e-37,True,False,trivial,sklearn
RandomForest (sklearn),LinearSVC (sklearn),0.7196766691691324,0.7173389990568669,0.7220143392813979,0.5390756386360464,0.5363443436961716,0.5418069335759211,0.18060103053308607,0.17741688127851568,0.18378517978765646,111.16674725834267,0.0,0.21816173491824545,0.0,True,True,importante,sklearn
RandomForest (sklearn),NaiveBayes (sklearn),0.7196766691691324,0.7173389990568669,0.7220143392813979,0.6525077547655239,0.6499457673278336,0.6550697422032142,0.0671689144036085,0.06486542476330318,0.06947240404391383,57.15183207608267,0.0,0.5612226770786573,0.0,True,True,importante,sklearn
GradientBoosting (sklearn),LinearSVC (sklearn),0.7234892715555753,0.7211619642743318,0.7258165788368188,0.5390756386360464,0.5363443436961716,0.5418069335759211,0.18441363291952895,0.18114629862139728,0.18768096721766062,110.62353766100605,0.0,0.17311697786885352,0.0,True,True,importante,sklearn
GradientBoosting (sklearn),NaiveBayes (sklearn),0.7234892715555753,0.7211619642743318,0.7258165788368188,0.6525077547655239,0.6499457673278336,0.6550697422032142,0.07098151679005138,0.06873531953590133,0.07322771404420143,61.93633093419874,0.0,0.5815261609081323,0.0,True,True,importante,sklearn
LinearSVC (sklearn),NaiveBayes (sklearn),0.5390756386360464,0.5363443436961716,0.5418069335759211,0.6525077547655239,0.6499457673278336,0.6550697422032142,-0.11343211612947757,-0.11669492353483298,-0.11016930872412216,-68.13851836275448,0.0,0.24135895687549663,0.0,True,True,importante,sklearn
LogisticRegression (spark),DecisionTree (spark),0.717097180887232,0.7147506002180709,0.719443761556393,0.7014102306776425,0.6990119865782317,0.7038084747770533,0.015686950209589434,0.014421679421889015,0.016952220997289852,24.299823987834056,1.9687371317876757e-130,0.8580016121228665,9.843685658938378e-130,True,True,pequeña,spark
LogisticRegression (spark),RandomForest (spark),0.717097180887232,0.7147506002180709,0.719443761556393,0.7181487466849846,0.715805075616181,0.7204924177537883,-0.0010515657977526738,-0.0018804991720051847,-0.00022263242350016273,-2.4863651953064405,0.012905545348169286,0.9375299639199075,0.012905545348169286,True,False,trivial,spark
LogisticRegression (spark),GradientBoosting (spark),0.717097180887232,0.7147506002180709,0.719443761556393,0.7228323161323298,0.7205056409135111,0.7251589913511485,-0.005735135245097833,-0.006559050263291474,-0.0049112202269041925,-13.642982927416687,2.22279055626834e-42,0.937868759575107,8.89116222507336e-42,True,True,trivial,spark
LogisticRegression (spark),LinearSVC (spark),0.717097180887232,0.7147506002180709,0.719443761556393,0.6435673192568391,0.6408347935290545,0.6462998449846237,0.07352986163039288,0.07122391042634829,0.07583581283443747,62.49736782417916,0.0,0.5969757353600088,0.0,True,True,importante,spark
LogisticRegression (spark),NaiveBayes (spark),0.717097180887232,0.7147506002180709,0.719443761556393,0.6525077482256675,0.6499457608215087,0.6550697356298263,0.06458943266156447,0.06250817972378099,0.06667068559934795,60.825361252516544,0.0,0.6436063043202862,0.0,True,True,importante,spark
DecisionTree (spark),RandomForest (spark),0.7014102306776425,0.6990119865782317,0.7038084747770533,0.7181487466849846,0.715805075616181,0.7204924177537883,-0.016738516007342108,-0.017764239633000254,-0.015712792381683962,-31.98414047252489,1.8120037397112827e-224,0.9066725127070642,1.0872022438267696e-223,True,True,pequeña,spark
DecisionTree (spark),GradientBoosting (spark),0.7014102306776425,0.6990119865782317,0.7038084747770533,0.7228323161323298,0.7205056409135111,0.7251589913511485,-0.021422085454687267,-0.02244472031980555,-0.020399450589568983,-41.05719196271485,0.0,0.9067498150712962,0.0,True,True,pequeña,spark
DecisionTree (spark),LinearSVC (spark),0.7014102306776425,0.6990119865782317,0.7038084747770533,0.6435673192568391,0.6408347935290545,0.6462998449846237,0.057842911420803444,0.05533516152393533,0.060350661317671556,45.20786673635249,0.0,0.5287031303801362,0.0,True,True,importante,spark
DecisionTree (spark),NaiveBayes (spark),0.7014102306776425,0.6990119865782317,0.7038084747770533,0.6525077482256675,0.6499457608215087,0.6550697356298263,0.04890248245197504,0.046387377593074056,0.05141758731087602,38.10859178346744,0.0,0.4874135269888877,0.0,True,True,moderada,spark
RandomForest (spark),GradientBoosting (spark),0.7181487466849846,0.715805075616181,0.7204924177537883,0.7228323161323298,0.7205056409135111,0.7251589913511485,-0.0046835694473451595,-0.005397552253609479,-0.00396958664108084,-12.856930664644528,7.863764208585905e-38,0.9532838625064458,2.3591292625757716e-37,True,False,trivial,spark
RandomForest (spark),LinearSVC (spark),0.7181487466849846,0.715805075616181,0.7204924177537883,0.6435673192568391,0.6408347935290545,0.6462998449846237,0.07458142742814555,0.07217752377560314,0.07698533108068796,60.8081407589502,0.0,0.5606323789790721,0.0,True,True,importante,spark
RandomForest (spark),NaiveBayes (spark),0.7181487466849846,0.715805075616181,0.7204924177537883,0.6525077482256675,0.6499457608215087,0.6550697356298263,0.06564099845931715,0.06334906218605664,0.06793293473257765,56.13332028053621,0.0,0.5665460727500868,0.0,True,True,importante,spark
GradientBoosting (spark),LinearSVC (spark),0.7228323161323298,0.7205056409135111,0.7251589913511485,0.6435673192568391,0.6408347935290545,0.6462998449846237,0.07926499687549071,0.07687220209938002,0.0816577916516014,64.92681305630495,0.0,0.5626757871360943,0.0,True,True,importante,spark
GradientBoosting (spark),NaiveBayes (spark),0.7228323161323298,0.7205056409135111,0.7251589913511485,0.6525077482256675,0.6499457608215087,0.6550697356298263,0.0703245679066623,0.0680843742060513,0.0725647616072733,61.52754571526839,0.0,0.5836966316025468,0.0,True,True,importante,spark
LinearSVC (spark),NaiveBayes (spark),0.6435673192568391,0.6408347935290545,0.6462998449846237,0.6525077482256675,0.6499457608215087,0.6550697356298263,-0.008940428968828407,-0.01191643546788142,-0.005964422469775393,-5.8880646903218015,3.9074418029736325e-09,0.3695247774654964,7.814883605947265e-09,True,True,trivial,spark
