profundidad,implementación,t_ajuste_s,auc_test
5,scikit-learn (cortes exactos),3.846712112426758,0.6950055007902473
5,PySpark maxBins=32,4.809341907501221,0.6490245100025671
5,PySpark maxBins=128,4.389631986618042,0.6541545547149321
5,PySpark maxBins=512,4.527685880661011,0.6546549805683518
10,scikit-learn (cortes exactos),6.810873746871948,0.704147066269571
10,PySpark maxBins=32,7.578221082687378,0.7014884705938909
10,PySpark maxBins=128,7.660293340682983,0.7017201602808799
10,PySpark maxBins=512,8.468460083007812,0.7014891472539018
15,scikit-learn (cortes exactos),9.483073234558105,0.6761889129705676
15,PySpark maxBins=32,14.645242929458618,0.6798823040148709
15,PySpark maxBins=128,18.173765897750854,0.6810231459946993
15,PySpark maxBins=512,29.274483919143677,0.6815105818862421
