entorno,modelo,fraccion,replicas,n_train,t_ajuste_s,auc_test
scikit-learn,lr,0.01,1,10784,0.015797853469848633,0.7114649557898411
PySpark (40 part.),lr,0.01,1,10921,3.933828115463257,0.7096225039891126
PySpark (400 part.),lr,0.01,1,10921,16.533445119857788,0.7096225039891124
scikit-learn,dt,0.01,1,10784,0.06046104431152344,0.6149800321163261
PySpark (40 part.),dt,0.01,1,10921,2.2812788486480713,0.6339752122707281
PySpark (400 part.),dt,0.01,1,10921,9.293323040008545,0.6460660121305772
scikit-learn,rf,0.01,1,10784,0.0734400749206543,0.7051605381782484
PySpark (40 part.),rf,0.01,1,10921,7.381063222885132,0.7032007710774316
PySpark (400 part.),rf,0.01,1,10921,49.534528970718384,0.7043232115363147
scikit-learn,lr,0.05,1,53922,0.04653596878051758,0.7153992773812519
PySpark (40 part.),lr,0.05,1,54175,3.5379598140716553,0.7155336586087179
PySpark (400 part.),lr,0.05,1,54175,13.321892976760864,0.7155336586087185
scikit-learn,dt,0.05,1,53922,0.2929801940917969,0.6685719844289819
PySpark (40 part.),dt,0.05,1,54175,2.9814789295196533,0.6731322392475745
PySpark (400 part.),dt,0.05,1,54175,12.701381921768188,0.6746037339145586
scikit-learn,rf,0.05,1,53922,0.21264886856079102,0.7122772421821256
PySpark (40 part.),rf,0.05,1,54175,9.413103103637695,0.7102059404979743
PySpark (400 part.),rf,0.05,1,54175,54.382238149642944,0.7107419152897709
scikit-learn,lr,0.1,1,107844,0.08977413177490234,0.7163194064358317
PySpark (40 part.),lr,0.1,1,107843,3.6502439975738525,0.7164276523319043
PySpark (400 part.),lr,0.1,1,107843,14.074358224868774,0.7164276523319042
scikit-learn,dt,0.1,1,107844,0.6137819290161133,0.6826850742239006
PySpark (40 part.),dt,0.1,1,107843,3.7568039894104004,0.6883727776975924
PySpark (400 part.),dt,0.1,1,107843,16.617199897766113,0.6869321156999121
scikit-learn,rf,0.1,1,107844,0.47490406036376953,0.7134962788155126
PySpark (40 part.),rf,0.1,1,107843,11.423181772232056,0.7111731122025046
PySpark (400 part.),rf,0.1,1,107843,66.3723042011261,0.7109714908391034
scikit-learn,lr,0.25,1,269611,0.25725889205932617,0.7168381844170719
PySpark (40 part.),lr,0.25,1,269321,4.693554162979126,0.7169912268666243
PySpark (400 part.),lr,0.25,1,269321,14.75603985786438,0.716991226866625
scikit-learn,dt,0.25,1,269611,1.5283479690551758,0.6925171094811008
PySpark (40 part.),dt,0.25,1,269321,4.436388254165649,0.6962166044917701
PySpark (400 part.),dt,0.25,1,269321,20.720743894577026,0.6961925968940512
scikit-learn,rf,0.25,1,269611,1.4281721115112305,0.7142216353713059
PySpark (40 part.),rf,0.25,1,269321,15.261137008666992,0.7123174539520652
PySpark (400 part.),rf,0.25,1,269321,74.48114275932312,0.7123077273355073
scikit-learn,lr,0.5,1,539223,0.4837791919708252,0.717125968388548
PySpark (40 part.),lr,0.5,1,538833,4.945349216461182,0.7170995409148853
PySpark (400 part.),lr,0.5,1,538833,13.37654995918274,0.7170995409148846
scikit-learn,dt,0.5,1,539223,3.227402448654175,0.6997075833663514
PySpark (40 part.),dt,0.5,1,538833,5.984203100204468,0.6992509801010867
PySpark (400 part.),dt,0.5,1,538833,21.8549587726593,0.7001053570091638
scikit-learn,rf,0.5,1,539223,4.150705814361572,0.714969958009661
PySpark (40 part.),rf,0.5,1,538833,19.69364905357361,0.7123898632421305
PySpark (400 part.),rf,0.5,1,538833,81.02409982681274,0.7119636509046852
scikit-learn,lr,1.0,1,1078447,1.0435030460357666,0.717089214137426
PySpark (40 part.),lr,1.0,1,1078447,6.008975982666016,0.7170970777984432
PySpark (400 part.),lr,1.0,1,1078447,15.127515316009521,0.7170970777984431
scikit-learn,dt,1.0,1,1078447,6.788765907287598,0.704147066269571
PySpark (40 part.),dt,1.0,1,1078447,8.076126098632812,0.7014884705938909
PySpark (400 part.),dt,1.0,1,1078447,23.47480082511902,0.701490485213865
scikit-learn,rf,1.0,1,1078447,9.339101791381836,0.7146794733356439
PySpark (40 part.),rf,1.0,1,1078447,29.913071155548096,0.7112733817971387
PySpark (400 part.),rf,1.0,1,1078447,92.75983905792236,0.7112707927024101
scikit-learn,lr,1.0,2,2156894,1.9754917621612549,0.717089214137426
PySpark (40 part.),lr,1.0,2,2156894,10.122491836547852,0.7170970776263411
PySpark (400 part.),lr,1.0,2,2156894,17.77822494506836,0.7170970776263411
scikit-learn,dt,1.0,2,2156894,14.037594079971313,0.704147066269571
PySpark (40 part.),dt,1.0,2,2156894,11.653346061706543,0.700982062191702
PySpark (400 part.),dt,1.0,2,2156894,26.20210886001587,0.7011220982867115
scikit-learn,rf,1.0,2,2156894,20.49989414215088,0.7148069359113431
PySpark (40 part.),rf,1.0,2,2156894,49.64627695083618,0.7114196880224976
PySpark (400 part.),rf,1.0,2,2156894,127.65015006065369,0.7109175508779695
scikit-learn,lr,1.0,4,4313788,4.089719772338867,0.717089214137426
PySpark (40 part.),lr,1.0,4,4313788,14.808837175369263,0.7170970776263413
PySpark (400 part.),lr,1.0,4,4313788,24.003206253051758,0.7170970776263419
scikit-learn,dt,1.0,4,4313788,28.582396030426025,0.704147066269571
PySpark (40 part.),dt,1.0,4,4313788,18.70167589187622,0.7016575732527734
PySpark (400 part.),dt,1.0,4,4313788,33.80693292617798,0.7009962095790858
scikit-learn,rf,1.0,4,4313788,43.019052028656006,0.7148918639494205
PySpark (40 part.),rf,1.0,4,4313788,97.63237404823303,0.7108779467123189
PySpark (400 part.),rf,1.0,4,4313788,175.07623100280762,0.711326137011655
