variante,modelo,t_cv (s),AUC prueba,caché en memoria (MB),caché en disco (MB)
capítulo 7 (datos en 40 particiones),Regresión logística,139.83538103103638,0.717097180887232,150.77359199523926,0.0
capítulo 7 (datos en 40 particiones),Árbol,69.99647998809814,0.7014884705938909,150.77359199523926,0.0
datos en 400 particiones (= shuffle obligatorio),Regresión logística,319.2310438156128,0.7170971808872317,151.8940773010254,0.0
datos en 400 particiones (= shuffle obligatorio),Árbol,807.7332799434662,0.701490485213865,151.8940773010254,0.0
datos en 10 particiones (1 por núcleo),Regresión logística,122.43968319892883,0.7170971808872317,150.81337451934814,0.0
datos en 10 particiones (1 por núcleo),Árbol,42.94784474372864,0.7008723131612659,150.81337451934814,0.0
memoria del driver 2 GB,Regresión logística,137.746013879776,0.717097180887232,150.77359199523926,0.0
memoria del driver 2 GB,Árbol,78.61454391479492,0.7014884705938909,150.77359199523926,0.0
"fracciones de memoria por defecto (0,6 / 0,5)",Regresión logística,137.37263679504395,0.717097180887232,150.77359199523926,0.0
"fracciones de memoria por defecto (0,6 / 0,5)",Árbol,69.5850739479065,0.7014884705938909,150.77359199523926,0.0
CrossValidator parallelism = 3,Regresión logística,135.2090060710907,0.717097180887232,150.77359199523926,0.0
CrossValidator parallelism = 3,Árbol,71.34522294998169,0.7014884705938909,150.77359199523926,0.0
