modelo,entorno,ajustes,entrenamiento + CV (s),predicción (s),umbral en train (s),evaluación (s),transferencia (s)
LogisticRegression,scikit-learn,10,8.552753925323486,0.024689912796020508,0.09068608283996582,0.19574904441833496,
LogisticRegression,PySpark,10,113.67208766937256,0.28429388999938965,12.217128276824951,30.799773931503296,0.1546628475189209
DecisionTree,scikit-learn,10,20.003690242767334,0.035655975341796875,0.1193389892578125,0.16775918006896973,
DecisionTree,PySpark,10,59.947776794433594,0.21153593063354492,2.6566359996795654,2.8165297508239746,0.13472580909729004
RandomForest,scikit-learn,28,215.26206803321838,0.394761323928833,1.6112167835235596,0.22375822067260742,
RandomForest,PySpark,28,2253.7995948791504,61.23644304275513,202.91309809684753,330.1107189655304,54.54141592979431
GradientBoosting,scikit-learn,13,1104.894593000412,0.33992791175842285,1.380573034286499,0.1983349323272705,
GradientBoosting,PySpark,13,8805.126926898956,0.6321399211883545,18.64348602294922,35.887473821640015,0.09090995788574219
LinearSVC,scikit-learn,10,616.1524078845978,0.023591041564941406,0.07980704307556152,0.180419921875,
LinearSVC,PySpark,10,224.60037088394165,0.2048628330230713,15.378897190093994,38.045811891555786,0.16337895393371582
NaiveBayes,scikit-learn,4,1.9323830604553223,0.08926081657409668,0.3172001838684082,0.1995398998260498,
NaiveBayes,PySpark,4,37.731608152389526,0.3231239318847656,15.934605836868286,38.16418194770813,0.15525507926940918
