modelo,entorno,parámetros,AUC CV,AUC train,AUC prueba,AUC-PR,Accuracy,Precision,Recall,F1,umbral
LogisticRegression,scikit-learn,{'C': 0.009272592904426457},0.7166167899951832,0.7167749008805608,0.7170890138112983,0.3816038037143841,0.6478309570790618,0.31870692165809145,0.6704477944452696,0.4320382832361298,0.19260576434240603
LogisticRegression,PySpark,{'regParam': 0.0001},0.716593199872055,0.7167705207743924,0.7170971808872321,0.3816619527301493,0.6441293414239723,0.3168632229426868,0.6758874201693154,0.43145550755811546,0.19061365689875465
DecisionTree,scikit-learn,{'max_depth': 10},0.702394156810732,0.7167043675762883,0.704147066269571,0.36145382428156553,0.6402756553862587,0.311034180543383,0.6588630625278479,0.4225786478054821,0.20028612303290416
DecisionTree,PySpark,{'maxDepth': 10},0.7016370145522833,0.7080169022334478,0.7014102306776425,0.35768458280124943,0.6379983086806226,0.3085382083070673,0.6542403089261845,0.4193241313660162,0.1999324552516042
RandomForest,scikit-learn,"{'max_depth': 15, 'n_estimators': 100}",0.7191972686260711,0.8065878289769268,0.7196766691691324,0.3880695314899433,0.6855518300372387,0.339304092898504,0.6059334620525768,0.43501382826297025,0.2231768252782094
RandomForest,PySpark,"{'numTrees': 100, 'maxDepth': 15}",0.7180086548764212,0.7958991023266186,0.7181487466849843,0.3858784355668405,0.6833189917362729,0.3379505373026891,0.6101292143175405,0.4349707826800522,0.22006809792761226
GradientBoosting,scikit-learn,"{'max_depth': 5, 'n_estimators': 100}",0.7230862989602233,0.7281398657244731,0.7234892715555753,0.39477197489243543,0.652897497144044,0.32334706149207,0.6748663300163374,0.43721321826983794,0.198473457985978
GradientBoosting,PySpark,"{'maxIter': 100, 'maxDepth': 5}",0.7221027716289828,0.7274976031568466,0.7228323161323297,0.3930001337244975,0.6546704152634156,0.3239792943202921,0.6704477944452696,0.436856971771779,0.1979982840065887
LinearSVC,scikit-learn,{'C': 0.009272592904426457},0.5055434953398589,0.5392166515224097,0.5390756386360464,0.22276257118366025,0.518704657062742,0.21805930119389902,0.5449094014555176,0.3114742790438543,-1.0000000000001523
LinearSVC,PySpark,{'regParam': 1e-06},0.6499393051238238,0.6467220189607712,0.6435673192568394,0.32530296450435964,0.6547928133762592,0.3005980836910308,0.5486595871082727,0.3884004258171352,-1.0000000189790685
NaiveBayes,scikit-learn,{},0.6526334583293562,0.6528348095403365,0.6525077547655238,0.29531127241091504,0.6198685518448733,0.28975405583036423,0.6220481211941186,0.3953510324483776,0.21153043920860123
NaiveBayes,PySpark,{},0.6524903138794762,0.6528348039846793,0.6525077482256676,0.295296025981285,0.6198685518448733,0.28975405583036423,0.6220481211941186,0.39535103244837755,0.2115304390935881
