param_max_depth,param_n_estimators,mean_test_score,std_test_score,mean_fit_time,rank_test_score
5,10,0.7031721209595334,0.000827043937239798,8.845877011617025,9
5,50,0.7068894658930432,0.0008096042237006486,35.984994967778526,8
5,100,0.7072101436495176,0.0007885043644706548,71.24904529253642,6
10,10,0.7110467686661176,0.0006080915262180575,13.369107087453207,5
10,50,0.7148238752790553,0.0006728065152661777,61.675482193628945,4
10,100,0.7154962167431057,0.0005859873889797502,116.7880318959554,3
15,10,0.7071370887709566,0.0006294207479677531,16.163500706354778,7
15,50,0.7176345715500453,0.0007491357601412969,74.32595372200012,2
15,100,0.7191972686260711,0.0005721129941156425,106.48239127794902,1
